{"coverage": 87.2393661384487, "raw_data": {"meta": {"format": 2, "version": "7.4.1", "timestamp": "2024-01-30T10:28:39.796659", "branch_coverage": false, "show_contexts": false}, "files": {"interactionfreepy/__init__.py": {"executed_lines": [1, 2, 3, 4, 6, 7, 8, 9, 10, 12], "summary": {"covered_lines": 9, "num_statements": 10, "percent_covered": 90.0, "percent_covered_display": "90", "missing_lines": 1, "excluded_lines": 0}, "missing_lines": [13], "excluded_lines": []}, "interactionfreepy/broker.py": {"executed_lines": [1, 2, 3, 4, 6, 7, 8, 9, 10, 11, 12, 13, 14, 17, 18, 20, 21, 22, 23, 24, 25, 26, 27, 30, 32, 40, 63, 64, 65, 66, 67, 68, 70, 71, 72, 73, 74, 75, 76, 77, 83, 84, 85, 86, 87, 88, 89, 90, 91, 92, 93, 94, 95, 96, 98, 99, 100, 101, 102, 104, 109, 110, 111, 116, 117, 118, 121, 122, 124, 125, 126, 127, 128, 129, 130, 131, 133, 142, 143, 144, 146, 148, 149, 150, 151, 152, 153, 155, 161, 162, 163, 164, 165, 166, 168, 177, 179, 188, 189, 191, 201, 202, 205, 211, 213, 251, 262, 263, 264, 266, 267, 268, 269, 270, 271, 273, 301, 303, 304, 305, 306, 307, 311, 315, 318, 319, 321, 328, 336, 339, 347, 352, 355, 359], "summary": {"covered_lines": 130, "num_statements": 206, "percent_covered": 63.10679611650485, "percent_covered_display": "63", "missing_lines": 76, "excluded_lines": 0}, "missing_lines": [29, 34, 35, 36, 37, 38, 51, 55, 56, 57, 58, 59, 61, 69, 79, 80, 81, 103, 105, 106, 107, 112, 113, 114, 145, 147, 203, 222, 223, 225, 226, 237, 238, 249, 274, 275, 276, 277, 278, 279, 280, 281, 282, 283, 284, 308, 309, 310, 312, 322, 323, 324, 325, 326, 330, 331, 332, 333, 334, 337, 340, 341, 342, 343, 344, 345, 348, 349, 350, 353, 356, 361, 368, 370, 371, 373], "excluded_lines": []}, "interactionfreepy/core.py": {"executed_lines": [1, 2, 3, 4, 6, 7, 8, 9, 10, 11, 15, 16, 18, 19, 20, 21, 22, 23, 24, 25, 28, 29, 31, 32, 33, 35, 36, 39, 40, 42, 43, 44, 46, 48, 49, 62, 63, 65, 66, 67, 68, 70, 71, 72, 73, 74, 75, 76, 77, 78, 80, 81, 85, 86, 88, 89, 90, 93, 94, 96, 97, 99, 100, 110, 112, 113, 128, 130, 131, 146, 148, 149, 161, 163, 164, 166, 167, 169, 170, 172, 173, 175, 176, 177, 178, 179, 180, 181, 183, 184, 185, 186, 187, 188, 193, 194, 195, 196, 197, 198, 199, 200, 201, 203, 204, 205, 206, 207, 209, 211, 213, 219, 221, 227, 229, 235, 237, 245, 254, 256, 257, 258, 260, 266, 268, 278, 279, 281, 282, 283, 284, 285, 286, 287, 288, 289, 290, 291, 294, 295, 297, 308, 309, 310, 311, 312, 313, 314, 319, 325, 327, 333, 335, 341, 343, 349, 351, 357, 358, 361, 367, 368, 369, 371, 377, 378, 381, 387, 388, 391, 397, 398, 401, 407, 408, 409, 410, 411, 414, 420, 421, 422, 425, 426, 437, 444, 445, 455, 461, 462, 472, 478, 487, 488, 491, 495, 496, 507, 508, 509, 510, 511, 512, 513, 516, 525, 526, 527, 528, 529, 530, 531, 532, 533, 534, 535, 536, 537, 538, 539, 540, 541, 542, 543, 544, 545, 546, 547, 548, 551, 552, 554, 555, 564, 565, 567, 568, 569, 570, 571, 572, 575], "summary": {"covered_lines": 235, "num_statements": 273, "percent_covered": 86.08058608058609, "percent_covered_display": "86", "missing_lines": 38, "excluded_lines": 0}, "missing_lines": [51, 52, 53, 54, 55, 56, 57, 59, 60, 83, 162, 189, 190, 191, 243, 255, 269, 270, 271, 272, 273, 274, 275, 315, 316, 317, 359, 379, 389, 399, 412, 423, 489, 492, 493, 514, 566, 576], "excluded_lines": []}, "interactionfreepy/worker.py": {"executed_lines": [1, 2, 3, 4, 6, 7, 8, 9, 10, 11, 12, 13, 16, 17, 19, 20, 21, 22, 23, 24, 25, 26, 27, 28, 29, 30, 31, 32, 33, 34, 35, 36, 38, 40, 41, 42, 43, 47, 48, 49, 50, 51, 52, 53, 54, 59, 60, 61, 62, 63, 64, 65, 67, 68, 69, 70, 71, 72, 74, 75, 76, 77, 78, 79, 80, 81, 83, 84, 86, 89, 91, 100, 101, 102, 103, 104, 106, 107, 108, 110, 119, 121, 133, 135, 144, 146, 155, 157, 158, 161, 162, 164, 170, 172, 183, 185, 186, 187, 188, 191, 192, 193, 194, 196, 197, 198, 200, 201, 202, 203, 205, 206, 207, 209, 212, 213, 214, 216, 220, 221, 222, 223, 224, 225, 226, 227, 228, 230, 231, 233, 234, 235, 236, 238, 239, 240, 241, 242, 244, 246, 248, 252, 253, 254, 255, 256, 257, 258, 260, 261, 263, 264, 265, 266, 268, 269, 270, 271, 273, 274, 276, 277, 278, 279, 281, 283, 285, 289, 290, 291, 292, 293, 295, 296, 297, 298, 299, 300, 301, 302, 303, 305, 306, 308, 309, 311, 312, 314, 315, 317, 320, 321, 322, 323, 325, 327, 329, 330, 331, 335, 336, 337, 338, 339, 340, 344, 345, 346, 347, 348, 350, 351, 352, 353, 354, 357], "summary": {"covered_lines": 214, "num_statements": 238, "percent_covered": 89.91596638655462, "percent_covered_display": "90", "missing_lines": 24, "excluded_lines": 0}, "missing_lines": [39, 44, 45, 55, 56, 57, 85, 88, 105, 159, 184, 217, 249, 286, 318, 324, 333, 341, 342, 349, 358, 359, 360, 361], "excluded_lines": []}, "tests/__init__.py": {"executed_lines": [1, 2, 3, 5, 6, 7, 9, 10], "summary": {"covered_lines": 8, "num_statements": 9, "percent_covered": 88.88888888888889, "percent_covered_display": "89", "missing_lines": 1, "excluded_lines": 0}, "missing_lines": [11], "excluded_lines": []}, "tests/defines.py": {"executed_lines": [1, 2], "summary": {"covered_lines": 2, "num_statements": 2, "percent_covered": 100.0, "percent_covered_display": "100", "missing_lines": 0, "excluded_lines": 0}, "missing_lines": [], "excluded_lines": []}, "tests/experimental/__init__.py": {"executed_lines": [1, 2, 3, 5, 6, 7, 9, 10], "summary": {"covered_lines": 8, "num_statements": 9, "percent_covered": 88.88888888888889, "percent_covered_display": "89", "missing_lines": 1, "excluded_lines": 0}, "missing_lines": [11], "excluded_lines": []}, "tests/experimental/testRSocket.py": {"executed_lines": [1], "summary": {"covered_lines": 0, "num_statements": 0, "percent_covered": 100.0, "percent_covered_display": "100", "missing_lines": 0, "excluded_lines": 0}, "missing_lines": [], "excluded_lines": []}, "tests/testIFWorkerAsync.py": {"executed_lines": [1, 3, 4, 5, 6, 7, 8, 9, 10, 11, 12, 14, 15, 16, 17, 19, 20, 21, 23, 24, 26, 27, 28, 29, 31, 32, 33, 34, 36, 37, 39, 41, 42, 44, 45, 46, 50], "summary": {"covered_lines": 37, "num_statements": 39, "percent_covered": 94.87179487179488, "percent_covered_display": "95", "missing_lines": 2, "excluded_lines": 0}, "missing_lines": [35, 51], "excluded_lines": []}, "tests/testInitBrokerAndWorker.py": {"executed_lines": [1, 3, 4, 5, 6, 7, 8, 10, 12, 13, 14, 16, 17, 19, 20, 21, 22, 23, 24, 25, 26, 28, 29, 30, 31, 32, 33, 34, 35, 36, 37, 38, 39, 40, 41, 43, 44, 46, 47, 48, 50], "summary": {"covered_lines": 41, "num_statements": 42, "percent_covered": 97.61904761904762, "percent_covered_display": "98", "missing_lines": 1, "excluded_lines": 0}, "missing_lines": [51], "excluded_lines": []}, "tests/testInvocation.py": {"executed_lines": [1, 3, 4, 5, 6, 7, 10, 11, 28, 34, 42, 43, 44, 46, 47, 49, 50, 51, 52, 53, 54, 55, 57, 58, 59, 60, 61, 62, 63, 65, 66, 67, 68, 69, 70, 71, 73, 74, 75, 76, 77, 78, 79, 80, 82, 83, 85, 86, 87, 90], "summary": {"covered_lines": 50, "num_statements": 51, "percent_covered": 98.03921568627452, "percent_covered_display": "98", "missing_lines": 1, "excluded_lines": 0}, "missing_lines": [91], "excluded_lines": []}, "tests/testInvocationSerialization.py": {"executed_lines": [1, 3, 4, 5, 6, 7, 8, 9, 12, 13, 25, 27, 28, 29, 31, 32, 34, 35, 36, 37, 38, 39, 41, 42, 43, 44, 45, 46, 48, 49, 50, 51, 52, 53, 54, 55, 57, 58, 59, 60, 61, 63, 64, 65, 66, 67, 68, 69, 70, 71, 72, 73, 75, 76, 77, 78, 79, 80, 81, 82, 83, 84, 85, 87, 88, 89, 90, 91, 92, 93, 94, 95, 96, 97, 98, 99, 100, 101, 102, 103, 104, 105, 106, 107, 108, 109, 110, 111, 112, 113, 114, 115, 116, 118, 119, 120, 121, 122, 123, 124, 125, 126, 128, 129, 131, 132, 133, 136], "summary": {"covered_lines": 108, "num_statements": 109, "percent_covered": 99.08256880733946, "percent_covered_display": "99", "missing_lines": 1, "excluded_lines": 0}, "missing_lines": [137], "excluded_lines": []},